ID	Accession	Assay Type	Assay Nickname	Target label	Target gene	Biosample summary	Biosample	Description	Lab	Project	Status	Biological replicate	Technical replicate	Linked Antibody	Species	Life stage	Age	Age Units	Treatment	Term ID	Concentration	Concentration units	Duration	Duration units	Synchronization	Post-synchronization time	Post-synchronization time units	Replicates
/experiments/ENCSR000CPZ/	ENCSR000CPZ	RNA-seq	RNA-seq			K562 nucleolus fraction	K562	The libraries contained in this experiment come from the nucleolar fraction of independent growths of cell line K562. They are stranded PE76 Illumina GAIIx RNA-Seq libraries from rRNA-depleted Total RNA > 200 nucleotides in size.	Thomas Gingeras, CSHL	ENCODE	released	3,4	1		Homo sapiens	adult	53	year										/replicates/af7862a4-e115-4347-8867-e7460a71cb13/,/replicates/104c0efe-5d22-4db5-993e-e5588fd2cf75/
/experiments/ENCSR000CTK/	ENCSR000CTK	RNA-seq	RNA-seq			IMR-90	IMR-90	RNA-seq on human IMR90 whole cell long total RNA	Thomas Gingeras, CSHL	ENCODE	released	1,2	1		Homo sapiens	fetal	16	week										/replicates/254becac-ce68-4db1-9beb-e41b73067669/,/replicates/5524a9cc-baf9-46c9-93e7-7349d25cb9cd/
/experiments/ENCSR000CTZ/	ENCSR000CTZ	RNA-seq	RNA-seq			mesenchymal stem cell of adipose	mesenchymal stem cell of adipose	The libraries contained in this experiment come from mesenchymal adipose derived stem cells, hMSC-AT isolated from independent donors. They are stranded PE101 Illumina Hi-Seq RNA-Seq libraries from rRNA-depleted Total RNA > 200 nucleotides in size.	Thomas Gingeras, CSHL	ENCODE	released	1,2	1		Homo sapiens	adult	42,37	year										/replicates/08ec9de5-6852-4d83-b930-8f53b2b2b69d/,/replicates/bedc157b-82c7-46b4-8eca-db11574ec16d/
/experiments/ENCSR233IJT/	ENCSR233IJT	RNA-seq	RNA-seq			astrocyte	astrocyte	The libraries contained in this experiment come from independent growths of primary astrocytes.  They are stranded PE101 Illumina Hi-Seq libraries from rRNA-depleted Total RNA > 200 nucleotides in size.	Thomas Gingeras, CSHL	ENCODE	released	1,2	1		Homo sapiens	unknown	unknown											/replicates/ed70bab3-8f60-424e-810d-5f8342fc214b/,/replicates/7602488b-6587-435c-a74b-6997a1b19fb4/
/experiments/ENCSR490SQH/	ENCSR490SQH	RNA-seq	RNA-seq			H7-hESC	H7-hESC	The libraries contained in this experiment come from independent growths of uninduced embryonic stem cell line H7-hESC.  They are stranded PE101 Illumina Hi-Seq RNA-Seq libraries from rRNA-depleted Total RNA > 200 nucleotides in size.	Thomas Gingeras, CSHL	ENCODE	released	1,2	1		Homo sapiens	unknown	unknown											/replicates/9a104929-fbde-41b7-a60d-1586348f270a/,/replicates/a3dcc015-18e0-457b-875f-23f79163e74f/
/experiments/ENCSR420NLC/	ENCSR420NLC	RNA-seq	RNA-seq			PC-3	PC-3	The libraries contained in this experiment come from independent growths of cell line PC-3, a metastatic prostate grade IV adenocarcinoma from a 62 year old male.  They are stranded PE101 Illumina Hi-Seq libraries from rRNA-depleted Total RNA > 200 nucleotides in size.	Thomas Gingeras, CSHL	ENCODE	released	1,2	1		Homo sapiens	adult	62	year										/replicates/70c74e4e-6810-498b-87e4-cdd850b5420d/,/replicates/c1f526d9-fb93-44d7-9d67-d507d6afb4e8/
/experiments/ENCSR000AAM/	ENCSR000AAM	RNA-seq	RNA-seq			pulmonary artery endothelial cell male adult (23 years) and male adult (52 years)	pulmonary artery endothelial cell	CSHL Long RNA Seq HPAEC cell total  (SID38226,SID38227)	Thomas Gingeras, CSHL	ENCODE	released	2,1	1		Homo sapiens	adult	23,52	year										/replicates/b9a8fb7b-82da-44e6-8bd3-7650ea743b4b/,/replicates/bd35721a-8714-4a0f-aad7-5b035c323fa8/
/experiments/ENCSR680USE/	ENCSR680USE	RNA-seq	RNA-seq			hair follicular keratinocyte male adult (55 years)	hair follicular keratinocyte	The libraries contained in this experiment come from hair follicular keratinocytes (HHFK). They are stranded PE101 Illumina Hi-Seq libraries from rRNA-depleted Total RNA > 200 nucleotides in size.	Thomas Gingeras, CSHL	ENCODE	released	1,2	1		Homo sapiens	adult	55	year										/replicates/057a7bbe-7681-4770-aa66-913d524ed720/,/replicates/7a64b51d-96ab-4a34-ab00-713e23a388b2/
/experiments/ENCSR000AEN/	ENCSR000AEN	RNA-seq	RNA-seq			K562	K562	RNA Evaluation K562 Long Total from Graveley	Brenton Graveley, UConn	ENCODE	released	1,2	1		Homo sapiens	adult	53	year										/replicates/82f8eb82-7cfb-46a2-9aa8-b72e82dffb14/,/replicates/e3abd889-053d-44a9-a1f7-90b06bb6d73f/
/experiments/ENCSR885DVH/	ENCSR885DVH	RNA-seq	RNA-seq			K562	K562	Initial total fractions on K562 Long Total from Lecuyer	Eric Lécuyer, IRCM	ENCODE	released	1,2	1		Homo sapiens	adult	53	year										/replicates/dc518bef-4c73-4d0e-8622-6be81681847d/,/replicates/62eaefb7-3b44-405d-bee1-ec1984538761/
/experiments/ENCSR860DWK/	ENCSR860DWK	RNA-seq	RNA-seq			K562 cytosolic fraction	K562	Initial cytosolic fractions on K562 Long Total from Lecuyer	Eric Lécuyer, IRCM	ENCODE	released	1,2	1		Homo sapiens	adult	53	year										/replicates/a686b92e-82ea-42c1-af7d-4a266a4a3f79/,/replicates/c329f81c-7a6e-4c51-aaf2-27d91da8dbba/
/experiments/ENCSR061SFU/	ENCSR061SFU	RNA-seq	RNA-seq			HepG2 nuclear fraction	HepG2	Initial nucleus fractions on HepG2 Long Total from Lecuyer	Eric Lécuyer, IRCM	ENCODE	released	2,1	1		Homo sapiens	child	15	year										/replicates/ff83a0f3-ad9f-4468-ba23-1ec6464a1cfc/,/replicates/e837e7bd-e521-4b63-b80b-4a476f49a80d/
/experiments/ENCSR828TEI/	ENCSR828TEI	RNA-seq	RNA-seq			myotube NONE and derived from skeletal muscle myoblast	myotube	The libraries contained in this experiment come from independent growths of primary cell line HSMM that has been differentiated into myotubes.  They are stranded PE101 Illumina Hi-Seq RNA-Seq libraries from rRNA-depleted Total RNA > 200 nucleotides in size.	Thomas Gingeras, CSHL	ENCODE	released	2,1	1		Homo sapiens	unknown	unknown											/replicates/12311295-bc2d-4253-b563-a4b52ac9a787/,/replicates/645d76a0-c8ac-4c0f-ad9c-881cef2ed37c/
/experiments/ENCSR894WMQ/	ENCSR894WMQ	RNA-seq	RNA-seq			LHCN-M2	LHCN-M2	The libraries contained in this experiment come from independent growths of immortalized cell line LHCN-M2 after 4 days of differentiation. They are stranded PE101 Illumina Hi-Seq RNA-Seq libraries from rRNA-depleted Total RNA > 200 nucleotides in size.	Thomas Gingeras, CSHL	ENCODE	released	2,1	1		Homo sapiens	adult	41	year										/replicates/db8f36c1-8354-40f5-bf10-c2bbab891408/,/replicates/227f3ca1-4a29-433b-a085-b8a2adee93d5/
/experiments/ENCSR000CUF/	ENCSR000CUF	RNA-seq	RNA-seq			osteoblast female adult (56 years) and male adult (62 years)	osteoblast	RNA-seq on human HOB whole cell long total RNA.The libraries contained in this experiment come from osteoblast primary whole cells, HOB  isolated from independent donors. They are stranded PE101 Illumina Hi-Seq RNA-Seq libraries from rRNA-depleted Total RNA > 200 nucleotides in size.	Thomas Gingeras, CSHL	ENCODE	released	1,2	1		Homo sapiens	adult	56,62	year										/replicates/8d3016d7-0a50-44a6-9ab2-73db011c268e/,/replicates/baf93686-8cac-45a8-98c8-89c7375eb8a4/
/experiments/ENCSR580GSX/	ENCSR580GSX	RNA-seq	RNA-seq			A172	A172	The libraries contained in this experiment come from the whole cell fraction of independent growths of cell line A172. They are stranded PE101 Illumina Hi-Seq RNA-Seq libraries from rRNA-depleted Total RNA > 200 nucleotides in size.	Thomas Gingeras, CSHL	ENCODE	released	2,1	1		Homo sapiens	adult	53	year										/replicates/42b60253-70cf-432a-89b8-1a7800718643/,/replicates/7fecede2-872b-4648-8d87-6d6d566e202a/
/experiments/ENCSR000CUP/	ENCSR000CUP	RNA-seq	RNA-seq			placental epithelial cell female newborn and male newborn	placental epithelial cell	The libraries contained in this experiment come from placental epithelial primary whole cells, HPIEpC isolated from independent donors. They are stranded PE101 Illumina Hi-Seq RNA-Seq libraries from rRNA-depleted Total RNA > 200 nucleotides in size.	Thomas Gingeras, CSHL	ENCODE	released	2,1	1		Homo sapiens	newborn	unknown											/replicates/464b3a01-6ab6-46c8-9c4e-3c7df27bd4bf/,/replicates/ad78e3b3-0684-497a-b4c6-ab7aad7111a3/
/experiments/ENCSR000AAV/	ENCSR000AAV	RNA-seq	RNA-seq			uterine smooth muscle cell female adult (48 years) and female adult (50 years)	uterine smooth muscle cell	CSHL Long RNA Seq HUtSMC cell total  (SID38216,SID38217)	Thomas Gingeras, CSHL	ENCODE	released	2,1	1		Homo sapiens	adult	48,50	year										/replicates/178059ce-5cab-4f97-b1c9-64bbac4cdc40/,/replicates/21923313-57b3-4997-a2ca-b6c015832600/
/experiments/ENCSR000AAR/	ENCSR000AAR	RNA-seq	RNA-seq			tracheal epithelial cell male adult (21 year) and male adult (68 years)	tracheal epithelial cell	CSHL Long RNA Seq HTEpC cell total  (SID38208,SID38209)	Thomas Gingeras, CSHL	ENCODE	released	1,2	1		Homo sapiens	adult	21,68	year										/replicates/5dfbfd09-5f25-4e73-aba4-17282dcc1793/,/replicates/de6b10d1-cfe8-445a-8e72-3fa709d24ae0/
/experiments/ENCSR000AAD/	ENCSR000AAD	RNA-seq	RNA-seq			bronchial epithelial cell female adult (40 years) and male adult (68 years)	bronchial epithelial cell	CSHL Long RNA Seq HBEpC cell total  (SID38222,SID38223)	Thomas Gingeras, CSHL	ENCODE	released	1,2	1		Homo sapiens	adult	68,40	year										/replicates/15d8dbc2-6d36-4251-89bc-eaf6011d1fdd/,/replicates/d7532594-cffb-42a6-9c7d-30c110c3b72d/
/experiments/ENCSR000CPY/	ENCSR000CPY	RNA-seq	RNA-seq			K562 chromatin fraction	K562	The libraries contained in this experiment come from the chromatin fraction of independent growths of cell line K562. They are stranded PE76 Illumina GAIIx RNA-Seq libraries from rRNA-depleted Total RNA > 200 nucleotides in size.	Thomas Gingeras, CSHL	ENCODE	released	4,3	1		Homo sapiens	adult	53	year										/replicates/95eb0711-552e-426e-8764-7abd972e0399/,/replicates/db75776e-60d0-44f3-b5d9-269b2fdff339/
/experiments/ENCSR000CUT/	ENCSR000CUT	RNA-seq	RNA-seq			mononuclear cell female adult (52 years)	mononuclear cell	The libraries contained in this experiment come from mononuclear peripheral blood primary whole cells, hMNC-PB isolated from independent donors. They are stranded PE101 Illumina Hi-Seq RNA-Seq libraries from rRNA-depleted Total RNA > 200 nucleotides in size.	Thomas Gingeras, CSHL	ENCODE	released	1	1		Homo sapiens	adult	52	year										/replicates/eb9b2c4a-cafb-4b14-9942-c3edd46f1c17/
/experiments/ENCSR880EGO/	ENCSR880EGO	RNA-seq	RNA-seq			SJSA1	SJSA1	The libraries contained in this experiment come from the whole cell fraction of independent growths of cell line SJSA1. They are stranded PE101 Illumina Hi-Seq RNA-Seq libraries from rRNA-depleted Total RNA > 200 nucleotides in size.	Thomas Gingeras, CSHL	ENCODE	released	2,1	1		Homo sapiens	adult	19	year										/replicates/0525a54b-77ee-4d19-97f3-39631ed348a2/,/replicates/fffc026e-61a1-4692-b460-e80b59f0454d/
/experiments/ENCSR971GPJ/	ENCSR971GPJ	RNA-seq	RNA-seq			HT-29	HT-29	The libraries contained in this experiment come from independent growths of cell line HT-29, a colorectal adenocarcinoma from a 44 year old female.  They are stranded PE101 Illumina Hi-Seq libraries from rRNA-depleted Total RNA > 200 nucleotides in size.	Thomas Gingeras, CSHL	ENCODE	released	2,1	1		Homo sapiens	adult	44	year										/replicates/2847f906-afc0-474b-bc5e-39e39c112a8e/,/replicates/44074b88-46a9-417e-aee7-f7fadc15107b/
/experiments/ENCSR000AEP/	ENCSR000AEP	RNA-seq	RNA-seq			K562	K562	RNA Evaluation K562 Long Total RNA-seq from Wold	Barbara Wold, Caltech	ENCODE	released	1,2	1		Homo sapiens	adult	53	year										/replicates/6d52759f-399e-43ed-97c5-073f1858f4c4/,/replicates/c490d00e-1c1e-4a48-8990-6d363f2cb616/
/experiments/ENCSR000AAS/	ENCSR000AAS	RNA-seq	RNA-seq			smooth muscle cell of trachea male adult (28 years) and male adult (56 years)	smooth muscle cell of trachea	CSHL Long RNA Seq HTSMC cell total (SID38503,SID38211)	Thomas Gingeras, CSHL	ENCODE	released	1,2	1		Homo sapiens	adult	56,28	year										/replicates/6cd6f460-dfe3-4206-9268-efaff329d9a2/,/replicates/7c6ecac8-e322-45ff-9ad3-46863b357ecc/
/experiments/ENCSR040YBR/	ENCSR040YBR	RNA-seq	RNA-seq			K562 nuclear fraction	K562	Initial nucleus fractions on K562 Long Total from Lecuyer	Eric Lécuyer, IRCM	ENCODE	released	2,1	1		Homo sapiens	adult	53	year										/replicates/6e9078bb-3b43-42a8-ab1c-d301609c53ed/,/replicates/cc2e12ff-509f-4b75-a760-37706b3cf327/
/experiments/ENCSR919QJT/	ENCSR919QJT	RNA-seq	RNA-seq			H4	H4	The libraries contained in this experiment come from the whole cell fraction of independent growths of cell line H4. They are stranded PE101 Illumina Hi-Seq RNA-Seq libraries from rRNA-depleted Total RNA > 200 nucleotides in size.	Thomas Gingeras, CSHL	ENCODE	released	1,2	1		Homo sapiens	adult	37	year										/replicates/d7d2bb3a-37cc-4c98-8e4b-ded1f086b98f/,/replicates/1f076b15-79fa-466e-8396-222488f9d6b6/
/experiments/ENCSR620NSN/	ENCSR620NSN	RNA-seq	RNA-seq			bronchus fibroblast of lung	bronchus fibroblast of lung	The libraries contained in this experiment come from primary bronchial fibroblast cells (HBF).  They are stranded PE101 Illumina Hi-Seq libraries from rRNA-depleted Total RNA > 200 nucleotides in size.	Thomas Gingeras, CSHL	ENCODE	released	1,2	1		Homo sapiens	unknown	unknown											/replicates/b8b8281c-a99e-4d65-9853-395cf95127af/,/replicates/f3e0ab15-8076-40a3-9e1e-932199a037d4/
/experiments/ENCSR000AEE/	ENCSR000AEE	RNA-seq	RNA-seq			GM12878	GM12878	RNA Evaluation Gm12878 Long Total from Graveley	Brenton Graveley, UConn	ENCODE	released	2,1	1		Homo sapiens	adult	unknown											/replicates/5236510d-c389-46e3-9acb-20ff331df384/,/replicates/e3ef9625-f2b7-440e-813d-d597e2aed1a8/
/experiments/ENCSR000CUO/	ENCSR000CUO	RNA-seq	RNA-seq			mesenchymal stem cell of Wharton's jelly	mesenchymal stem cell of Wharton's jelly	The libraries contained in this experiment come from mesenchymal umbilical cord derived stem cells, hMSC-UC isolated from independent donors. They are stranded PE101 Illumina Hi-Seq RNA-Seq libraries from rRNA-depleted Total RNA > 200 nucleotides in size.	Thomas Gingeras, CSHL	ENCODE	released	1,2	1		Homo sapiens	newborn	unknown											/replicates/8cbfd5b2-d844-40ed-abfd-8c7523aaf743/,/replicates/7de2be9c-1d83-4398-919f-bcaf58b21963/
/experiments/ENCSR000CUD/	ENCSR000CUD	RNA-seq	RNA-seq			mesenchymal stem cell of the bone marrow	mesenchymal stem cell of the bone marrow	The libraries contained in this experiment come from mesenchymal bone marrow derived stem cells, hMSC-BM isolated from independent donors. They are stranded PE101 Illumina Hi-Seq RNA-Seq libraries from rRNA-depleted Total RNA > 200 nucleotides in size.	Thomas Gingeras, CSHL	ENCODE	released	2,1	1		Homo sapiens	adult	57,60	year										/replicates/b70e27d7-5cf5-4b5d-92c7-26c0a17e847d/,/replicates/6d086a1f-3001-403e-83d5-374ed745bbe9/
/experiments/ENCSR000CQA/	ENCSR000CQA	RNA-seq	RNA-seq			K562 nucleoplasmic fraction	K562	The libraries contained in this experiment come from the nucleoplasm fraction of independent growths of cell line K562. They are stranded PE76 Illumina GAIIx RNA-Seq libraries from rRNA-depleted Total RNA > 200 nucleotides in size.	Thomas Gingeras, CSHL	ENCODE	released	4,3	1		Homo sapiens	adult	53	year										/replicates/b8721dd1-796c-4502-a09b-9970e0636dd5/,/replicates/372ae62d-da50-4103-96c6-ea265e4e52b3/
/experiments/ENCSR109IQO/	ENCSR109IQO	RNA-seq	RNA-seq			K562	K562	RNA Evaluation K562 Long Total from Graveley	Brenton Graveley, UConn	ENCODE	released	2,1	1		Homo sapiens	adult	53	year										/replicates/e487b39a-4c46-4d6c-8cf0-96193c8cfef7/,/replicates/51a409ed-6693-4b42-94d6-b4661fdce949/
/experiments/ENCSR000CUB/	ENCSR000CUB	RNA-seq	RNA-seq			hair follicle dermal papilla cell female adult (47 years) and female adult (70 years)	hair follicle dermal papilla cell	The libraries contained in this experiment come from hair follicle dermal papilla primary whole cells, HFDPC  isolated from independent donors. They are stranded PE101 Illumina Hi-Seq RNA-Seq libraries from rRNA-depleted Total RNA > 200 nucleotides in size.	Thomas Gingeras, CSHL	ENCODE	released	1,2	1		Homo sapiens	adult	70,47	year										/replicates/040befca-6872-4cec-93d7-c00db4d4f0cd/,/replicates/fb208192-23d4-47f4-93b9-ffd7c4f24e5a/
/experiments/ENCSR000AAC/	ENCSR000AAC	RNA-seq	RNA-seq			smooth muscle cell of bladder female adult (53 years) and male adult (62 years)	smooth muscle cell of bladder	CSHL Long RNA Seq HBdSMC cell total  (SID38220,SID38221)	Thomas Gingeras, CSHL	ENCODE	released	1,2	1		Homo sapiens	adult	53,62	year										/replicates/a80df8f3-c223-4455-95e9-efd2853b4a5a/,/replicates/aa64560a-35af-4b2a-a9d4-d63574a94772/
/experiments/ENCSR244ISQ/	ENCSR244ISQ	RNA-seq	RNA-seq			neural progenitor cell derived from H9	neural progenitor cell	The libraries contained in this experiment come from independent growths of H9 embryonic stem cells that were differentiated down a neuronal pathway.  They are stranded PE101 Illumina Hi-Seq RNA-Seq libraries from rRNA-depleted Total RNA > 200 nucleotides in size.	Thomas Gingeras, CSHL	ENCODE	released	1,2	1		Homo sapiens	embryonic	5	day										/replicates/6d841194-13ef-40bc-be20-0b518248c27e/,/replicates/9076a38f-6b6f-4c54-bc14-0aaa0f13470b/
/experiments/ENCSR371VGV/	ENCSR371VGV	RNA-seq	RNA-seq			myometrial cell female adult (34 years)	myometrial cell	The libraries contained in this experiment come from independent isolates of myometrial smooth muscle primary cell type (HMSMC).  They are stranded PE101 Illumina Hi-Seq RNA-Seq libraries from rRNA-depleted Total RNA > 200 nucleotides in size.	Thomas Gingeras, CSHL	ENCODE	released	1,2	1		Homo sapiens	adult	34	year										/replicates/301ac178-bcb2-47d8-bf99-ad0b36110c26/,/replicates/a7b15863-fe7c-462a-9602-df5e26353a36/
/experiments/ENCSR379YAE/	ENCSR379YAE	RNA-seq	RNA-seq			cardiac myocyte	cardiac myocyte	The libraries contained in this Experiment come from hESC's that were differentiated into cardiomyocytes. They are stranded PE101 Illumina Hi-Seq RNA-Seq libraries from rRNA-depleted Total RNA > 200 nucleotides in size.	Thomas Gingeras, CSHL	ENCODE	released	1,2	1		Homo sapiens	fetal	unknown											/replicates/b533f27a-da6f-4bc1-bb52-b80ec237e750/,/replicates/6571879b-d7a0-4467-8198-df0584bbdb16/
/experiments/ENCSR314LXG/	ENCSR314LXG	RNA-seq	RNA-seq			Karpas-422	Karpas-422	The libraries contained in this experiment come from independent growths of cell line Karpas-422, a B cell from a 73 year old female with non-Hodgkins Lymphoma.  They are stranded PE101 Illumina Hi-Seq libraries from rRNA-depleted Total RNA > 200 nucleotides in size.	Thomas Gingeras, CSHL	ENCODE	released	1,2	1		Homo sapiens	adult	73	year										/replicates/3bc229bd-f056-4d09-8d65-ee7a9d4b6fde/,/replicates/182e6564-5c08-4214-9958-548023eeb1bd/
/experiments/ENCSR000CVT/	ENCSR000CVT	RNA-seq	RNA-seq			GM12878 nucleolus fraction	GM12878	The libraries contained in this experiment come from the nucleolar fraction of independent growths of cell line GM12878. They are stranded PE101 Illumina Hi-Seq RNA-Seq libraries from rRNA-depleted Total RNA > 200 nucleotides in size.	Thomas Gingeras, CSHL	ENCODE	released	4,3	1		Homo sapiens	adult	unknown											/replicates/d98ef37b-5acd-4fc8-a9e2-4a95f47c0936/,/replicates/10d6dccf-1a90-47d0-90b0-4b78745a61fb/
/experiments/ENCSR181ZGR/	ENCSR181ZGR	RNA-seq	RNA-seq			HepG2	HepG2	Initial total fractions on HepG2 Long Total from Lecuyer	Eric Lécuyer, IRCM	ENCODE	released	2,1	1		Homo sapiens	child	15	year										/replicates/5f208f2d-79b1-44bb-b01a-2b1e5967fdc3/,/replicates/c19931ca-cd36-451f-9347-599243197efb/
/experiments/ENCSR369RVN/	ENCSR369RVN	RNA-seq	RNA-seq			cardiac ventricle fibroblast NONE and male adult (18 years)	cardiac ventricle fibroblast	The libraries contained in this experiment come from cardiac ventricle fibroblast cells (HCF-av). They are stranded PE101 Illumina Hi-Seq libraries from rRNA-depleted Total RNA > 200 nucleotides in size.	Thomas Gingeras, CSHL	ENCODE	released	1,2	1		Homo sapiens	adult,unknown	18,unknown	year										/replicates/db4eef9b-f4d5-4eae-8947-826a871c3851/,/replicates/27cd428f-8c32-45fc-a854-6b45c19eba0f/
/experiments/ENCSR669KQU/	ENCSR669KQU	RNA-seq	RNA-seq			SK-MEL-5	SK-MEL-5	The libraries contained in this experiment come from independent growths of cell line SK-MEL-5, a metastatic malignant melanoma from a 24 year old female.  They are stranded PE101 Illumina Hi-Seq libraries from rRNA-depleted Total RNA > 200 nucleotides in size.	Thomas Gingeras, CSHL	ENCODE	released	1,2	1		Homo sapiens	adult	24	year										/replicates/7036de91-8e11-437d-8b42-33697f940364/,/replicates/288c21e0-0aba-4007-8b56-d528e1c6a4d6/
/experiments/ENCSR000AEC/	ENCSR000AEC	RNA-seq	RNA-seq			GM12878	GM12878	The libraries contained in this experiment come from independent growths of cell line GM12878.  They are stranded PE101 Illumina Hi-Seq RNA-Seq libraries from rRNA-depleted Total RNA > 200 nucleotides in size.  These data were collected as part of the RNA Evaluation Study.	Thomas Gingeras, CSHL	ENCODE	released	2,1	1		Homo sapiens	adult	unknown											/replicates/292853d0-4c59-42ec-8730-33086ee90838/,/replicates/e976bc4f-f43c-4c73-8e72-fb05d33bb9fb/
/experiments/ENCSR696SMK/	ENCSR696SMK	RNA-seq	RNA-seq			M059J	M059J	The libraries contained in this experiment come from the whole cell fraction of independent growths of cell line M059J. They are stranded PE101 Illumina Hi-Seq RNA-Seq libraries from rRNA-depleted Total RNA > 200 nucleotides in size.	Thomas Gingeras, CSHL	ENCODE	released	1,2	1		Homo sapiens	adult	33	year										/replicates/285bc8a4-97d2-4e7b-b198-c50196bc8513/,/replicates/16caebd7-00ca-4224-a09f-0f08901cbbe0/
/experiments/ENCSR000AAI/	ENCSR000AAI	RNA-seq	RNA-seq			dermis blood vessel endothelial cell female child (16 years) and male child (13 years)	dermis blood vessel endothelial cell	CSHL Long RNA Seq HDBEC cell total  (SID38204,SID38205)	Thomas Gingeras, CSHL	ENCODE	released	1,2	1		Homo sapiens	child	13,16	year										/replicates/2e1ed86c-2628-40b7-a5c7-4e5f508df726/,/replicates/c6aca5dd-4ad9-41a3-98f5-7b4d35275b00/
/experiments/ENCSR000CUK/	ENCSR000CUK	RNA-seq	RNA-seq			thoracic aorta endothelial cell female adult (22 years) and male adult (55 years)	thoracic aorta endothelial cell	The libraries contained in this experiment come from aortic endothelial primary whole cells, HAoEC isolated from independent donors. They are stranded PE101 Illumina Hi-Seq RNA-Seq libraries from rRNA-depleted Total RNA > 200 nucleotides in size.	Thomas Gingeras, CSHL	ENCODE	released	2,1	1		Homo sapiens	adult	55,22	year										/replicates/7668da9c-4dad-4968-af30-23d8f97e856f/,/replicates/0ff7bccd-3457-4d9a-b1d8-2a38a96900ad/
/experiments/ENCSR897KTO/	ENCSR897KTO	RNA-seq	RNA-seq			epithelial cell of alveolus of lung NONE and female fetal (21 week)	epithelial cell of alveolus of lung	The libraries contained in this experiment come from independent isolates of epithelial cell of alveolus of lung primary of cell type (HPAE EpiC).  They are stranded PE101 Illumina Hi-Seq RNA-Seq libraries from rRNA-depleted Total RNA > 200 nucleotides in size.	Thomas Gingeras, CSHL	ENCODE	released	2,1	1		Homo sapiens	unknown,fetal	unknown,21	week										/replicates/57e3afad-e2f3-43f0-aec8-7418baed1912/,/replicates/b7817b28-4c57-46c8-927e-650eee85a224/
/experiments/ENCSR000CUG/	ENCSR000CUG	RNA-seq	RNA-seq			vein endothelial cell male adult (48 years) and male adult (52 years)	vein endothelial cell	The libraries contained in this experiment come from saphenous vein endothelial primary whole cells, HSaVEC isolated from independent donors. They are stranded PE101 Illumina Hi-Seq RNA-Seq libraries from rRNA-depleted Total RNA > 200 nucleotides in size.	Thomas Gingeras, CSHL	ENCODE	released	2,1	1		Homo sapiens	adult	52,48	year										/replicates/e1ccde41-6c1f-4455-9796-0b867fdef508/,/replicates/9fae9bb5-d50d-4003-96c8-cd50481cef1c/
/experiments/ENCSR696YIB/	ENCSR696YIB	RNA-seq	RNA-seq			K562 insoluble cytoplasmic fraction	K562	Initial insoluble fractions on K562 Long Total from Lecuyer	Eric Lécuyer, IRCM	ENCODE	released	2,1	1		Homo sapiens	adult	53	year										/replicates/227bdd46-7c72-4833-b4e4-bfd7936b4237/,/replicates/7eef8f4a-83d8-47d2-be68-73b66a4edc1d/
/experiments/ENCSR000CUL/	ENCSR000CUL	RNA-seq	RNA-seq			fibroblast of villous mesenchyme female newborn and male newborn	fibroblast of villous mesenchyme	The libraries contained in this experiment come from placental villous mesenchymal fibroblasts primary whole cells, HVMF  isolated from independent donors. They are stranded PE101 Illumina Hi-Seq RNA-Seq libraries from rRNA-depleted Total RNA > 200 nucleotides in size.	Thomas Gingeras, CSHL	ENCODE	released	1,2	1		Homo sapiens	newborn	unknown											/replicates/654ee211-cc2e-48b7-862d-1210886c808c/,/replicates/8fc9a087-35b6-4820-ac54-db436bcb16c8/
/experiments/ENCSR000AAG/	ENCSR000AAG	RNA-seq	RNA-seq			smooth muscle cell of the coronary artery female adult (53 years) and male adult (55 years)	smooth muscle cell of the coronary artery	CSHL Long RNA Seq HCASMC cell total  (SID38234,SID38235)	Thomas Gingeras, CSHL	ENCODE	released	1,2	1		Homo sapiens	adult	53,55	year										/replicates/08294348-b458-49b5-aef0-b69f489ecd69/,/replicates/d5147bb0-2e34-48c4-8570-49e70d41434f/
/experiments/ENCSR000CUJ/	ENCSR000CUJ	RNA-seq	RNA-seq			fibroblast of the aortic adventitia female adult (24 years) and male adult (47 years)	fibroblast of the aortic adventitia	The libraries contained in this experiment come from aortic adventital fibroblast primary whole cells, HAoAF isolated from independent donors. They are stranded PE101 Illumina Hi-Seq RNA-Seq libraries from rRNA-depleted Total RNA > 200 nucleotides in size.	Thomas Gingeras, CSHL	ENCODE	released	2,1	1		Homo sapiens	adult	47,24	year										/replicates/0c0fb84f-5e19-4f56-adb0-488ab3d338ea/,/replicates/7a37a7d7-eadc-41f3-b092-e409512fc6f7/
/experiments/ENCSR535VTR/	ENCSR535VTR	RNA-seq	RNA-seq			HT1080	HT1080	The libraries contained in this experiment come from independent growths of cell line HT-1080, a connective tissue fibrosarcoma from a 35 year old male.  They are stranded PE101 Illumina Hi-Seq libraries from rRNA-depleted Total RNA > 200 nucleotides in size.	Thomas Gingeras, CSHL	ENCODE	released	1,2	1		Homo sapiens	adult	35	year										/replicates/510c9c0b-e7e0-4eda-b379-91e1d487c158/,/replicates/e9fdbb2f-31e5-4bdc-82b3-93f0e48c24a5/
/experiments/ENCSR198TKA/	ENCSR198TKA	RNA-seq	RNA-seq			mesangial cell NONE and female fetal (21 week)	mesangial cell	The libraries contained in this experiment come from primary mesangial cells (HRMC). They are stranded PE101 Illumina Hi-Seq libraries from rRNA-depleted Total RNA > 200 nucleotides in size.	Thomas Gingeras, CSHL	ENCODE	released	2,1	1		Homo sapiens	unknown,fetal	unknown,21	week										/replicates/e5329305-14ab-4570-bc63-7ce794cb4218/,/replicates/f538afd1-4c47-4b36-a511-67b7e113308a/
/experiments/ENCSR254JJM/	ENCSR254JJM	RNA-seq	RNA-seq			Daoy	Daoy	The libraries contained in this experiment come from the whole cell fraction of independent growths of cell line Daoy. They are stranded PE101 Illumina Hi-Seq RNA-Seq libraries from rRNA-depleted Total RNA > 200 nucleotides in size.	Thomas Gingeras, CSHL	ENCODE	released	2,1	1		Homo sapiens	child	4	year										/replicates/d8beb7a2-90b5-404c-b2f4-fdf4469593cc/,/replicates/d5883b97-2149-4a70-9eab-957dba9f0c7f/
/experiments/ENCSR000CUA/	ENCSR000CUA	RNA-seq	RNA-seq			hematopoietic multipotent progenitor cell male	hematopoietic multipotent progenitor cell	The libraries contained in this experiment come from the whole cell fraction of independent isolates of mobilized CD34+ blood progenitor cells. They are stranded PE101 Illumina Hi-Seq RNA-Seq libraries from rRNA-depleted Total RNA > 200 nucleotides in size.	Thomas Gingeras, CSHL	ENCODE	released	1	1		Homo sapiens	unknown	unknown											/replicates/8745ee56-ae58-4c4c-bc8e-58bd462937a1/
/experiments/ENCSR000AAE/	ENCSR000AAE	RNA-seq	RNA-seq			bronchial smooth muscle cell male adult (52 years) and male adult (59 years)	bronchial smooth muscle cell	CSHL Long RNA Seq HBSMC cell total  (SID38230,SID38231)	Thomas Gingeras, CSHL	ENCODE	released	1,2	1		Homo sapiens	adult	52,59	year										/replicates/28545442-2101-491b-a9c4-4ee2cc830836/,/replicates/418e3926-3115-41bd-af1c-0ea683687648/
/experiments/ENCSR164OCT/	ENCSR164OCT	RNA-seq	RNA-seq			NCI-H460	NCI-H460	The libraries contained in this experiment come from independent growths of cell line NCI-H460, a male large cell lung carcinoma.  They are stranded PE101 Illumina Hi-Seq libraries from rRNA-depleted Total RNA > 200 nucleotides in size.	Thomas Gingeras, CSHL	ENCODE	released	1,2	1		Homo sapiens	adult	37	year										/replicates/58349e4b-4156-4757-aa43-2e86166d669c/,/replicates/a779e76b-f52b-4fee-851f-90219f0797f1/
/experiments/ENCSR000CUE/	ENCSR000CUE	RNA-seq	RNA-seq			articular chondrocyte of knee joint female adult (56 years) and male adult (64 years)	articular chondrocyte of knee joint	The libraries contained in this experiment come from chondrocyte primary whole cells, HCH isolated from independent donors. They are stranded PE101 Illumina Hi-Seq RNA-Seq libraries from rRNA-depleted Total RNA > 200 nucleotides in size.	Thomas Gingeras, CSHL	ENCODE	released	2,1	1		Homo sapiens	adult	64,56	year										/replicates/c6c16e2c-f5eb-4c13-8b95-cc6fc12124a7/,/replicates/fd239fe5-a465-4095-8d9c-7ba4046aff38/
/experiments/ENCSR000AEL/	ENCSR000AEL	RNA-seq	RNA-seq			K562	K562	The libraries contained in this experiment come from independent growths of cell line K562.  They are stranded PE101 Illumina Hi-Seq RNA-Seq libraries from rRNA-depleted Total RNA > 200 nucleotides in size.  These data were collected as part of the RNA Evaluation Study.	Thomas Gingeras, CSHL	ENCODE	released	2,1	1		Homo sapiens	adult	53	year										/replicates/2349c65b-5cb6-48fd-834c-feadb9202eb1/,/replicates/eb81041e-606c-4139-8d63-9ee666675dab/
/experiments/ENCSR000AEG/	ENCSR000AEG	RNA-seq	RNA-seq			GM12878	GM12878	RNA Evaluation Gm12878 Long Total RNA-seq from Wold	Barbara Wold, Caltech	ENCODE	released	2,1	1		Homo sapiens	adult	unknown											/replicates/cbeb99d3-4422-4e3d-8b06-fe15b561d2e6/,/replicates/dab021e1-4e00-4c6f-8580-eb95c7160995/
/experiments/ENCSR584JXD/	ENCSR584JXD	RNA-seq	RNA-seq			Caki2	Caki2	The libraries contained in this experiment come from the whole cell fraction of independent growths of cell line Caki2. They are stranded PE101 Illumina Hi-Seq RNA-Seq libraries from rRNA-depleted Total RNA > 200 nucleotides in size.	Thomas Gingeras, CSHL	ENCODE	released	1,2	1		Homo sapiens	adult	69	year										/replicates/7dd91ffc-e66b-4ed1-864a-39e48f4420b8/,/replicates/244404b2-4191-4725-8eac-f3399f877820/
/experiments/ENCSR822SUG/	ENCSR822SUG	RNA-seq	RNA-seq			airway epithelial cell	airway epithelial cell	The libraries contained in this experiment come from airway epithelial cells (HSA EpiC). They are stranded PE101 Illumina Hi-Seq RNA-Seq libraries from rRNA-depleted Total RNA > 200 nucleotides in size.	Thomas Gingeras, CSHL	ENCODE	released	1,2	1		Homo sapiens	unknown	unknown											/replicates/54137a8e-3e9d-453e-aa3d-964e9e684ae7/,/replicates/e118cfce-a26c-4e5c-af62-e0a4bd1a9af8/
/experiments/ENCSR136WGP/	ENCSR136WGP	RNA-seq	RNA-seq			SK-N-DZ treated with dimethyl sulfoxide	SK-N-DZ	The libraries contained in this experiment come from independent growths of cell line SK-N-DZ, a metastatic neuroblastoma from a 2 year old female.  They are stranded PE101 Illumina Hi-Seq libraries from rRNA-depleted Total RNA > 200 nucleotides in size.	Thomas Gingeras, CSHL	ENCODE	released	1,2	1		Homo sapiens	child	2	year	dimethyl sulfoxide	CHEBI:28262			72	hour				/replicates/c15da7d5-855b-405d-9ca5-08f62102abe9/,/replicates/6acacc14-752c-40df-9163-e7cc5cc24459/
/experiments/ENCSR971KNW/	ENCSR971KNW	RNA-seq	RNA-seq			MG63	MG63	The libraries contained in this experiment come from the whole cell fraction of independent growths of cell line MG63. They are stranded PE101 Illumina HiSeq RNA-Seq libraries from rRNA-depleted Total RNA > 200 nucleotides in size.	Thomas Gingeras, CSHL	ENCODE	released	2,1	1		Homo sapiens	child	14	year										/replicates/47d14bc5-9f99-45f6-bda0-02c6987724d1/,/replicates/7afcd2cc-06f7-4a05-9938-dac3ac9ca98c/
/experiments/ENCSR000CUN/	ENCSR000CUN	RNA-seq	RNA-seq			mammary epithelial cell female adult (23 years)	mammary epithelial cell	The libraries contained in this experiment come from mammary epithelial primary whole cells, HMEpC. They are stranded PE101 Illumina Hi-Seq RNA-Seq libraries from rRNA-depleted Total RNA > 200 nucleotides in size.	Thomas Gingeras, CSHL	ENCODE	released	1	1		Homo sapiens	adult	23	year										/replicates/40c1713b-5a7d-4ca5-b532-3fe4d85eb4bb/
/experiments/ENCSR000AAJ/	ENCSR000AAJ	RNA-seq	RNA-seq			dermis lymphatic vessel endothelial cell female adult (45 years) and male child (6 years)	dermis lymphatic vessel endothelial cell	CSHL Long RNA Seq HDLEC cell total  (SID38193,SID38194)	Thomas Gingeras, CSHL	ENCODE	released	2,1	1		Homo sapiens	child,adult	6,45	year										/replicates/69b66a1b-e62d-4fad-a059-ebb56f11b57b/,/replicates/a1e4125c-390f-4af2-8c53-77a20ad0352d/
/experiments/ENCSR362HMX/	ENCSR362HMX	RNA-seq	RNA-seq			pericardium fibroblast NONE and female fetal (20 weeks)	pericardium fibroblast	The libraries contained in this experiment come from pericardium fibroblast cells (HPcF). They are stranded PE101 Illumina Hi-Seq libraries from rRNA-depleted Total RNA > 200 nucleotides in size.	Thomas Gingeras, CSHL	ENCODE	released	1,2	1		Homo sapiens	fetal,unknown	20,unknown	week										/replicates/cac0cb5d-30e4-492e-8a1c-7b846fc87ce1/,/replicates/0b3e6b7f-4bcd-4baf-a104-a1be9d32e892/
/experiments/ENCSR000CUR/	ENCSR000CUR	RNA-seq	RNA-seq			melanocyte of skin female adult (52 years) and male adult (55 years)	melanocyte of skin	RNA-seq on human skin melanocytes primary whole cells (NHEM-M2) rRNA-depleted Total RNA greater than 200 nucleotides in size. (paired end)	Thomas Gingeras, CSHL	ENCODE	released	2,1	1		Homo sapiens	adult	55,52	year										/replicates/e39ca900-1029-4bc9-93fc-35c1235a32dc/,/replicates/bc1e2c57-79c0-46e8-88bb-696cf208a19f/
/experiments/ENCSR667JTA/	ENCSR667JTA	RNA-seq	RNA-seq			MCF-7	MCF-7	RNA Evaluation MCF7 Long Total from Graveley	Brenton Graveley, UConn	ENCODE	released	1,2	1		Homo sapiens	adult	69	year										/replicates/15317c56-28e0-492c-9e4b-5816dc21b1e1/,/replicates/59ced611-66b5-48c1-9eff-bc06434b9663/
/experiments/ENCSR000AAF/	ENCSR000AAF	RNA-seq	RNA-seq			endothelial cell of coronary artery female adult (41 year) and male adult (77 years)	endothelial cell of coronary artery	CSHL Long RNA Seq HCAEC cell total  (SID38232,SID38233)	Thomas Gingeras, CSHL	ENCODE	released	1,2	1		Homo sapiens	adult	41,77	year										/replicates/6232f0c2-def4-45c0-b183-5dcefa3319bc/,/replicates/e737d5ce-7eae-44e9-b969-f258981fe66f/
/experiments/ENCSR000AAU/	ENCSR000AAU	RNA-seq	RNA-seq			smooth muscle cell of the umbilical artery female newborn and male newborn	smooth muscle cell of the umbilical artery	CSHL Long RNA Seq HUASMC cell total  (SID38214,SID38215)	Thomas Gingeras, CSHL	ENCODE	released	2,1	1		Homo sapiens	newborn	unknown											/replicates/c783efda-0a2c-4c24-8de3-fa7459f9affe/,/replicates/d1788927-7762-49f2-acbb-d58c38b6b948/
/experiments/ENCSR919MZM/	ENCSR919MZM	RNA-seq	RNA-seq			endometrial microvascular endothelial cells female adult (34 years)	endometrial microvascular endothelial cells	The libraries contained in this experiment come from independent growths of endometrial microvascular endothelial primary cell line HEMEC.  They are stranded PE101 Illumina Hi-Seq RNA-Seq libraries from rRNA-depleted Total RNA > 200 nucleotides in size.	Thomas Gingeras, CSHL	ENCODE	released	1,2	1		Homo sapiens	adult	34	year										/replicates/294dfe1b-1967-4060-94c4-3f0a6032c42b/,/replicates/5f768112-049b-409a-a822-e5ce0767484a/
/experiments/ENCSR000AAL/	ENCSR000AAL	RNA-seq	RNA-seq			nasal cavity respiratory epithelium epithelial cell of viscerocranial mucosa female adult (70 years) and male adult (46 years)	nasal cavity respiratory epithelium epithelial cell of viscerocranial mucosa	CSHL Long RNA Seq HNEpC cell total  (SID38224,SID38225)	Thomas Gingeras, CSHL	ENCODE	released	2,1	1		Homo sapiens	adult	46,70	year										/replicates/9c7cabfe-b80e-4a7d-a931-11a8f6d0d040/,/replicates/e604ea4f-075c-4e26-8d3c-2e9ed49e3b08/
/experiments/ENCSR000AAO/	ENCSR000AAO	RNA-seq	RNA-seq			fibroblast of lung female adult (83 years) and male adult (23 years)	fibroblast of lung	CSHL Long RNA Seq HPF cell total  (SID38238,SID38239)	Thomas Gingeras, CSHL	ENCODE	released	2,1	1		Homo sapiens	adult	83,23	year										/replicates/8860e3bd-edeb-4329-821f-91f628125e38/,/replicates/b52b0cac-214b-4a61-9a4a-6a4040ceb526/
/experiments/ENCSR568YRP/	ENCSR568YRP	RNA-seq	RNA-seq			SJCRH30	SJCRH30	The libraries contained in this experiment come from independent growths of cell line SJCRH30, a metastatic rhabdomyosarcoma from a 17 year old male.  They are stranded PE101 Illumina Hi-Seq libraries from rRNA-depleted Total RNA > 200 nucleotides in size.	Thomas Gingeras, CSHL	ENCODE	released	1,2	1		Homo sapiens	unknown	17	year										/replicates/c3535b4f-a29e-44e3-b096-b989962fb86b/,/replicates/d2d8fadc-b67f-4075-964c-ddf6a51e285b/
/experiments/ENCSR938LSP/	ENCSR938LSP	RNA-seq	RNA-seq			induced pluripotent stem cell male adult (53 years) derived from fibroblast of arm	induced pluripotent stem cell	The libraries contained in this experiment come from independent growths of cell line GM23338, an induced pluripotent stem cell (iPSC) line derived from cell line GM23248.  They are stranded PE101 Illumina Hi-Seq libraries from rRNA-depleted Total RNA > 200 nucleotides in size.	Thomas Gingeras, CSHL	ENCODE	released	1,2	1		Homo sapiens	adult	53	year										/replicates/87d34700-f9f7-4bce-b55c-2baa140899b7/,/replicates/6b13b22f-6a2d-4be9-8b3c-fa9b657783f4/
/experiments/ENCSR444WHQ/	ENCSR444WHQ	RNA-seq	RNA-seq			skeletal muscle myoblast	skeletal muscle myoblast	The libraries contained in this experiment come from independent growths of primary cell line HSMM that has been differentiated into myoblasts. They are stranded PE101 Illumina Hi-Seq RNA-Seq libraries from rRNA-depleted Total RNA > 200 nucleotides in size.	Thomas Gingeras, CSHL	ENCODE	released	2,1	1		Homo sapiens	unknown	unknown											/replicates/1a189532-12dd-41f8-8f08-b921b81da3de/,/replicates/c633541e-46f3-41a1-b4e1-ce5d8f03325f/
/experiments/ENCSR000CUM/	ENCSR000CUM	RNA-seq	RNA-seq			subcutaneous preadipocyte female adult (62 years) and male adult (65 years)	subcutaneous preadipocyte	The libraries contained in this experiment come from subcutaneous white pre-adipocyte primary whole cells, HWP isolated from independent donors. They are stranded PE101 Illumina Hi-Seq RNA-Seq libraries from rRNA-depleted Total RNA > 200 nucleotides in size.	Thomas Gingeras, CSHL	ENCODE	released	2,1	1		Homo sapiens	adult	65,62	year										/replicates/38a0277c-ea17-4011-87ff-40b89d47af16/,/replicates/9b02fc32-7ea2-44fd-8afb-159cf79b15ab/
/experiments/ENCSR468ION/	ENCSR468ION	RNA-seq	RNA-seq			HepG2	HepG2	RNA Evaluation HepG2 Long Total from Graveley	Brenton Graveley, UConn	ENCODE	released	1,2	1		Homo sapiens	child	15	year										/replicates/2c8cb9c1-fba3-45c2-88e6-9558b085c07a/,/replicates/23065aa1-2f0f-4c84-af7c-8bbf01dae82d/
/experiments/ENCSR000CUI/	ENCSR000CUI	RNA-seq	RNA-seq			skeletal muscle satellite cell female adult (64 years) and male adult (21 year)	skeletal muscle satellite cell	The libraries contained in this experiment come from skeletal muscle myosatellite cells isolated from independent donors. They are stranded PE101 Illumina Hi-Seq RNA-Seq libraries from rRNA-depleted Total RNA > 200 nucleotides in size.	Thomas Gingeras, CSHL	ENCODE	released	2,1	1		Homo sapiens	adult	21,64	year										/replicates/c5271fd4-aba4-4350-b4b2-179620c8e004/,/replicates/46c45c4c-a434-4e7c-801b-1ed21713bc17/
/experiments/ENCSR000AAK/	ENCSR000AAK	RNA-seq	RNA-seq			dermis microvascular lymphatic vessel endothelial cell female adult (38 years) and female adult (64 years)	dermis microvascular lymphatic vessel endothelial cell	CSHL Long RNA Seq HDMEC cell total  (SID38195,SID38196)	Thomas Gingeras, CSHL	ENCODE	released	2,1	1		Homo sapiens	adult	38,64	year										/replicates/43004352-c60e-4e81-bd15-2e068c6df0c8/,/replicates/63e544a5-f449-46c5-96f9-ea5992e9cdf2/
/experiments/ENCSR000CTX/	ENCSR000CTX	RNA-seq	RNA-seq			pericyte cell female newborn and male newborn	pericyte cell	The libraries contained in this experiment come from placental pericytes primary whole cells, HPC-PL isolated from independent donors. They are stranded PE101 Illumina Hi-Seq RNA-Seq libraries from rRNA-depleted Total RNA > 200 nucleotides in size.	Thomas Gingeras, CSHL	ENCODE	released	2,1	1		Homo sapiens	newborn	unknown											/replicates/fa01b828-68e6-4b51-a735-b94db03f0cd8/,/replicates/696ff4c7-c9eb-472a-bb8d-d9e2402885ad/
/experiments/ENCSR504VXC/	ENCSR504VXC	RNA-seq	RNA-seq			A375	A375	The libraries contained in this experiment come from independent growths of cell line A375, a malignant melanoma from a 54 year old female.  They are stranded PE101 Illumina Hi-Seq libraries from rRNA-depleted Total RNA > 200 nucleotides in size.	Thomas Gingeras, CSHL	ENCODE	released	1,2	1		Homo sapiens	adult	54	year										/replicates/6dec3a83-9350-4d5d-a5d2-d09a05b959ac/,/replicates/b682c24c-7e98-4dea-be86-185c7fb300d6/
/experiments/ENCSR000AAQ/	ENCSR000AAQ	RNA-seq	RNA-seq			renal cortical epithelial cell female adult (69 years) and male adult (84 years)	renal cortical epithelial cell	CSHL Long RNA Seq HRCEpC cell total  (SID38206,SID38207)	Thomas Gingeras, CSHL	ENCODE	released	1,2	1		Homo sapiens	adult	69,84	year										/replicates/2ce1e966-ad83-4156-abc3-4657ce8c375d/,/replicates/7602d382-ccac-4bcf-b9ab-4c8f7156344d/
/experiments/ENCSR887ZSY/	ENCSR887ZSY	RNA-seq	RNA-seq			HepG2 membrane fraction	HepG2	Initial membrane fractions on HepG2 Long Total from Lecuyer	Eric Lécuyer, IRCM	ENCODE	released	2,1	1		Homo sapiens	child	15	year										/replicates/fd16c39d-14d8-4081-8d3e-be6b72c3af52/,/replicates/9a5ee398-b872-40fd-8ef6-9b500f352e61/
/experiments/ENCSR000AAH/	ENCSR000AAH	RNA-seq	RNA-seq			regular cardiac myocyte female adult (51 year) and male adult (48 years)	regular cardiac myocyte	CSHL Long RNA Seq HCM cell total  (SID38202,SID38203)	Thomas Gingeras, CSHL	ENCODE	released	2,1	1		Homo sapiens	adult	48,51	year										/replicates/33ba6852-4241-44b2-9001-cf15441eb46e/,/replicates/e17c4bfe-ea1a-4477-a0c5-3f24006eae3c/
/experiments/ENCSR000AAA/	ENCSR000AAA	RNA-seq	RNA-seq			aortic smooth muscle cell male adult (21 year) and male adult (54 years)	aortic smooth muscle cell	CSHL Long RNA Seq HAoSMC cell total  (SID38242,SID38243)	Thomas Gingeras, CSHL	ENCODE	released	2,1	1		Homo sapiens	adult	54,21	year										/replicates/b4f0e511-f04f-4b1b-89ed-2cdb4c0af692/,/replicates/f7934dc2-7107-4ee1-9653-9b052a8a8420/
/experiments/ENCSR118TVR/	ENCSR118TVR	RNA-seq	RNA-seq			epithelial cell of proximal tubule	epithelial cell of proximal tubule	The libraries contained in this experiment come from epithelial cells of proximal tubule (HRPTE piC). They are stranded PE101 Illumina Hi-Seq libraries from rRNA-depleted Total RNA > 200 nucleotides in size.	Thomas Gingeras, CSHL	ENCODE	released	2,1	1		Homo sapiens	unknown	unknown											/replicates/1b5a8d2a-4487-4593-bdbb-3d5c4c4c1eeb/,/replicates/fbb51424-8bd5-4360-af93-95c46652e6e8/
/experiments/ENCSR862HPO/	ENCSR862HPO	RNA-seq	RNA-seq			HepG2 cytosolic fraction	HepG2	Initial cytosolic fractions on HepG2 Long Total from Lecuyer	Eric Lécuyer, IRCM	ENCODE	released	2,1	1		Homo sapiens	child	15	year										/replicates/7c02559d-b1e0-445a-81e9-ed3bcfb9cf51/,/replicates/d89f4b6f-53f6-4cf2-931b-1691a721b5bc/
/experiments/ENCSR813BDU/	ENCSR813BDU	RNA-seq	RNA-seq			HepG2 insoluble cytoplasmic fraction	HepG2	Initial insoluble cytoplasmic fractions on HepG2 Long Total from Lecuyer	Eric Lécuyer, IRCM	ENCODE	released	1,2	1		Homo sapiens	child	15	year										/replicates/6c430a38-35b9-4a67-8506-1c8c1871a9a9/,/replicates/d514c73c-d9d3-4787-9711-f37ddd0274f4/
/experiments/ENCSR038WEK/	ENCSR038WEK	RNA-seq	RNA-seq			K562 membrane fraction	K562	Initial membrane fractions on K562 Long Total from Lecuyer	Eric Lécuyer, IRCM	ENCODE	released	2,1	1		Homo sapiens	adult	53	year										/replicates/0b2e4b51-c9b0-44bf-9cc3-cba4ab856659/,/replicates/e72cbbb2-47db-4a5a-8f9e-ca043e63a3df/
/experiments/ENCSR878EUT/	ENCSR878EUT	RNA-seq	RNA-seq			glomerular endothelial cell female fetal (22 weeks) and male fetal (22 weeks)	glomerular endothelial cell	The libraries contained in this experiment come from independent isolates of primary renal glomerular endothelial cells (HGC).  They are stranded PE101 Illumina Hi-Seq RNA-Seq libraries from rRNA-depleted Total RNA > 200 nucleotides in size.	Thomas Gingeras, CSHL	ENCODE	released	1,2	1		Homo sapiens	fetal	22	week										/replicates/47d1151e-ce1f-4c60-90da-f497fd21aa1c/,/replicates/806dd304-9393-45e6-bbf7-46935d907c42/
/experiments/ENCSR000AAT/	ENCSR000AAT	RNA-seq	RNA-seq			epithelial cell of umbilical artery female newborn and male newborn	epithelial cell of umbilical artery	CSHL Long RNA Seq HUAEC cell total  (SID38212,SID38213)	Thomas Gingeras, CSHL	ENCODE	released	1,2	1		Homo sapiens	newborn	unknown											/replicates/908654a0-eb6f-4216-8986-71d0c1b2fbd2/,/replicates/ccd0f036-667c-49e3-9525-841c4897bc5c/
/experiments/ENCSR000CUQ/	ENCSR000CUQ	RNA-seq	RNA-seq			melanocyte of skin male child (1 year) and male child (3 years)	melanocyte of skin	RNA-seq on humn skin melanocytes primary whole cells (NHEM-M2) from rRNA-depleted total RNA greater than 200 nucleotides in size.	Thomas Gingeras, CSHL	ENCODE	released	2,1	1		Homo sapiens	child	3,1	year										/replicates/67d21491-b489-476c-a6f2-69a4392cfbff/,/replicates/a5505729-f337-409a-9abc-47ea780aea8a/
/experiments/ENCSR815UVL/	ENCSR815UVL	RNA-seq	RNA-seq			mammary microvascular endothelial cell female adult (26 years)	mammary microvascular endothelial cell	The libraries contained in this experiment come from independent isolates of mammary microvascular endothelial cell primary cell line (HMMEC).  They are stranded PE101 Illumina Hi-Seq RNA-Seq libraries from rRNA-depleted Total RNA > 200 nucleotides in size.	Thomas Gingeras, CSHL	ENCODE	released	1,2	1		Homo sapiens	adult	26	year										/replicates/f8777f5e-e143-4771-84cc-a3b338aae3d2/,/replicates/d24c302f-4936-4105-9cde-a1347a51032b/
/experiments/ENCSR332DBS/	ENCSR332DBS	RNA-seq	RNA-seq			LHCN-M2	LHCN-M2	The libraries contained in this experiment come from independent growths of immortalized cell line LHCN-M2. They are stranded PE101 Illumina Hi-Seq RNA-Seq libraries from rRNA-depleted Total RNA > 200 nucleotides in size.	Thomas Gingeras, CSHL	ENCODE	released	2,1	1		Homo sapiens	adult	41	year										/replicates/d62fa36f-9c6f-4d0f-bb63-39237bd11039/,/replicates/6cc1ff08-5ea8-4d41-822b-cb347ee4b711/
/experiments/ENCSR797BPP/	ENCSR797BPP	RNA-seq	RNA-seq			fibroblast of arm male adult (53 years)	fibroblast of arm	The libraries contained in this experiment come from independent growths of cell line GM23248, a fibroblast primary cell line derived from an arm skin punch of a 53 year old male.  They are stranded PE101 Illumina Hi-Seq libraries from rRNA-depleted Total RNA > 200 nucleotides in size.	Thomas Gingeras, CSHL	ENCODE	released	1,2	1		Homo sapiens	adult	53	year										/replicates/c57e0309-52f5-457e-b8c0-21e32b975ed1/,/replicates/b4338891-c808-45e9-961a-a587774f9f43/
/experiments/ENCSR968WKR/	ENCSR968WKR	RNA-seq	RNA-seq			bipolar spindle neuron derived from induced pluripotent stem cell	bipolar spindle neuron	The libraries contained in this experiment come from independent growths of bipolar neurons that were differentiated from induced pluripotent stem cells. They are stranded PE101 Illumina Hi-Seq RNA-Seq libraries from rRNA-depleted Total RNA > 200 nucleotides in size.	Thomas Gingeras, CSHL	ENCODE	released	2,1	1		Homo sapiens	adult	53	year										/replicates/16648816-225b-4d5e-882d-bb074a238f85/,/replicates/98390f00-d4c4-4bca-a2aa-22e09f22d3ec/
/experiments/ENCSR320BRR/	ENCSR320BRR	RNA-seq	RNA-seq			RPMI-7951	RPMI-7951	The libraries contained in this experiment come from the whole cell fraction of independent growths of cell line RPMI-7951. They are stranded PE101 Illumina Hi-Seq RNA-Seq libraries from rRNA-depleted Total RNA > 200 nucleotides in size.	Thomas Gingeras, CSHL	ENCODE	released	2,1	1		Homo sapiens	adult	18	year										/replicates/76d3c5e5-d54c-479e-b752-fd2f2a5146de/,/replicates/c627dfc1-0e9e-4e6f-8edc-76d9e2949090/
/experiments/ENCSR001HHK/	ENCSR001HHK	RNA-seq	RNA-seq			OCI-LY7	OCI-LY7	The libraries contained in this experiment come from independent growths of cell line Oci-Ly-7, a peripherial blood sample from a 48 year old male with Non-Hodgkin lymphoma.  They are stranded PE101 Illumina Hi-Seq libraries from rRNA-depleted Total RNA > 200 nucleotides in size.	Thomas Gingeras, CSHL	ENCODE	released	2,1	1		Homo sapiens	adult	48	year										/replicates/22095ff8-f78c-43e3-a1b3-d309e17d551e/,/replicates/a19ac9d8-0a37-427c-95b8-7e83b8b35017/
/experiments/ENCSR653DFZ/	ENCSR653DFZ	RNA-seq	RNA-seq			G401	G401	The libraries contained in this experiment come from the whole cell fraction of independent growths of cell line G401. They are stranded PE101 Illumina Hhi-Seq RNA-Seq libraries from rRNA-depleted Total RNA > 200 nucleotides in size.	Thomas Gingeras, CSHL	ENCODE	released	1,2	1		Homo sapiens	child	3	month										/replicates/449cda39-b013-4d41-9102-7ac4958aa957/,/replicates/5101c798-745e-4fb0-be9f-bdf398732acb/
/experiments/ENCSR000AAB/	ENCSR000AAB	RNA-seq	RNA-seq			bladder microvascular endothelial cell male adult (46 years) and male adult (60 years)	bladder microvascular endothelial cell	CSHL Long RNA Seq HBdMEC cell total  (SID38244,SID38245)	Thomas Gingeras, CSHL	ENCODE	released	2,1	1		Homo sapiens	adult	46,60	year										/replicates/0028f5c2-1ead-47de-aa0e-82703e8e2c3d/,/replicates/2e7f89da-1101-4be2-adf8-13c1f715c684/
/experiments/ENCSR373BDG/	ENCSR373BDG	RNA-seq	RNA-seq			kidney epithelial cell male fetal (22 weeks) and male newborn	kidney epithelial cell	The libraries contained in this experiment come from independent isolates of kidney epithelial primary cell type (HREpiC).  They are stranded PE101 Illumina Hi-Seq RNA-Seq libraries from rRNA-depleted Total RNA > 200 nucleotides in size.	Thomas Gingeras, CSHL	ENCODE	released	2,1	1		Homo sapiens	fetal,newborn	22,unknown	week										/replicates/88fbfc26-cfe2-4a3a-a7be-695761d84ea7/,/replicates/ec22f93e-4dff-4658-b870-8435ecb1f2f8/
/experiments/ENCSR000AAP/	ENCSR000AAP	RNA-seq	RNA-seq			lung microvascular endothelial cell female adult (55 years) and male adult (63 years)	lung microvascular endothelial cell	CSHL Long RNA Seq HPMEC cell total  (SID38240,SID38241)	Thomas Gingeras, CSHL	ENCODE	released	1,2	1		Homo sapiens	adult	63,55	year										/replicates/17540630-6056-4c5c-8caa-e7db98752d56/,/replicates/4559c15d-178f-4e9f-b947-65e951376b3a/
/experiments/ENCSR110BDY/	ENCSR110BDY	RNA-seq	RNA-seq			cardiac atrium fibroblast male child (2 years)	cardiac atrium fibroblast	The libraries contained in this experiment come from independent isolates of cardiac atrium fibroblast primary cell type (HCF-aa).  They are stranded PE101 Illumina Hi-Seq libraries from rRNA-depleted Total RNA > 200 nucleotides in size.	Thomas Gingeras, CSHL	ENCODE	released	2,1	1		Homo sapiens	child	2	year										/replicates/bab23756-56ae-41e9-88b6-3240c782735b/,/replicates/b13125c0-1c11-4705-a610-6e6a54d7bcc3/
/experiments/ENCSR000AAN/	ENCSR000AAN	RNA-seq	RNA-seq			smooth muscle cell of the pulmonary artery male adult (26 years) and male adult (28 years)	smooth muscle cell of the pulmonary artery	CSHL Long RNA Seq HPASMC cell total (SID38228, SID38229)	Thomas Gingeras, CSHL	ENCODE	released	2,1	1		Homo sapiens	adult	28,26	year										/replicates/14ef355f-bb33-43ff-a153-dce4979d6482/,/replicates/49ae8296-3c64-4986-9aeb-026dfb2edb54/
/experiments/ENCSR000CUH/	ENCSR000CUH	RNA-seq	RNA-seq			fibroblast of dermis female adult (44 years) and female adult (55 years)	fibroblast of dermis	The libraries contained in this experiment come from skin fibroblasts primary whole cells, NHDF isolated from independent donors. They are stranded PE101 Illumina Hi-Seq RNA-Seq libraries from rRNA-depleted Total RNA > 200 nucleotides in size.	Thomas Gingeras, CSHL	ENCODE	released	2,1	1		Homo sapiens	adult	55,44	year										/replicates/5da2d8d5-606e-4eba-982b-d3eae380c7a8/,/replicates/b8f78d68-67a3-4c95-bafb-8f5fa60cd156/
/experiments/ENCSR908ZAS/	ENCSR908ZAS	RNA-seq	RNA-seq			hepatocyte derived from H9	hepatocyte	The libraries contained in this experiment come from stem cells that were differentiated down a hepatocytic pathway.  They are stranded PE101 Illumina Hi-Seq RNA-Seq libraries from rRNA-depleted Total RNA > 200 nucleotides in size.	Thomas Gingeras, CSHL	ENCODE	released	1,2	1		Homo sapiens	embryonic	5	day										/replicates/872af9ce-1803-4ed7-82ad-39a4072d7d94/,/replicates/2aab69ae-9c4e-470e-86b2-a155ae3790ee/
/experiments/ENCSR052FJA/	ENCSR052FJA	RNA-seq	RNA-seq			smooth muscle cell derived from H9	smooth muscle cell	The libraries contained in this experiment come from H9-derived embryonic stem cells that were differentiated down a smooth muscle pathway.  They are stranded PE101 Illumina Hi-Seq RNA-Seq libraries from rRNA-depleted Total RNA > 200 nucleotides in size.	Thomas Gingeras, CSHL	ENCODE	released	1,2	1		Homo sapiens	embryonic	5	day										/replicates/c476ad73-46a6-4574-b5bc-c1b9ab9aa8bd/,/replicates/3f011867-92f9-4913-b6ed-b3ac1143c539/
